time,velocity,gamma,altitude
0.000000000000000000e+00,3.000000000000000000e+03,-1.745329251994329478e-01,3.000000000000000000e+04
1.000000000000000000e+00,2.970777735649276110e+03,-1.131868841503228112e-01,2.912790326424468367e+04
2.000000000000000000e+00,2.940978066352089627e+03,-5.260490819496645154e-02,2.862943280010792296e+04
3.000000000000000000e+00,2.910926948885031379e+03,7.264406450053870201e-03,2.840178823015763555e+04
4.000000000000000000e+00,2.880762340008452611e+03,6.640621506387717199e-02,2.839458789732523292e+04
5.000000000000000000e+00,2.850637682267174569e+03,1.248296163234074718e-01,2.855581216436710747e+04
6.000000000000000000e+00,2.820747246029496637e+03,1.825774304251986668e-01,2.882510019488998660e+04
7.000000000000000000e+00,2.791282973657908769e+03,2.397049422748450676e-01,2.914489412530394475e+04
8.000000000000000000e+00,2.762216747069394842e+03,2.961803411144025566e-01,2.951592335189786900e+04
9.000000000000000000e+00,2.733552540851743288e+03,3.520029942623683628e-01,2.993101687647104700e+04
1.000000000000000000e+01,2.705313208962804310e+03,4.071808731072362741e-01,3.037879766488728274e+04
1.100000000000000000e+01,2.677526278658212959e+03,4.617228136027888841e-01,3.084738028085353289e+04
1.200000000000000000e+01,2.650220748561308028e+03,5.156380212677095232e-01,3.132515714717573064e+04
1.300000000000000000e+01,2.623392654938194937e+03,5.689339547451630619e-01,3.180902024889049790e+04
1.400000000000000000e+01,2.597026068699827192e+03,6.216207637875998948e-01,3.229887128374885651e+04
1.500000000000000000e+01,2.571110068342678005e+03,6.737085554723100111e-01,3.279362304224469699e+04
1.600000000000000000e+01,2.545637642996451177e+03,7.252068147679648913e-01,3.329148818886495428e+04
1.700000000000000000e+01,2.520605692424079280e+03,7.761244045346170628e-01,3.378997926208959689e+04
1.800000000000000000e+01,2.496015027021726382e+03,8.264695655237002114e-01,3.428590867439163412e+04
1.900000000000000000e+01,2.471868439347470940e+03,8.762500617940744974e-01,3.477583635879938811e+04
2.000000000000000000e+01,2.448149945982811005e+03,9.254751575182804668e-01,3.526079093470724183e+04
2.100000000000000000e+01,2.424842817718227252e+03,9.741545879270083752e-01,3.574196224283163610e+04
2.200000000000000000e+01,2.401933964648339952e+03,1.022297566474224650e+00,3.621979677889717277e+04
2.300000000000000000e+01,2.379411812487458064e+03,1.069912878853349181e+00,3.669450382964676828e+04
2.400000000000000000e+01,2.357266302569578784e+03,1.117008882997255315e+00,3.716605547284161003e+04
2.500000000000000000e+01,2.335488891848386629e+03,1.163593509078270305e+00,3.763418657726120728e+04
2.600000000000000000e+01,2.314072552897255264e+03,1.209674259508174199e+00,3.809839480270336935e+04
2.700000000000000000e+01,2.293011773909244766e+03,1.255258208938200948e+00,3.855794059998419834e+04
2.800000000000000000e+01,2.272302558697105269e+03,1.300352004259038186e+00,3.901184721093808184e+04
2.900000000000000000e+01,2.251940681053336448e+03,1.344962155434207718e+00,3.945927818731676962e+04
3.000000000000000000e+01,2.231913185475147202e+03,1.389096544651328591e+00,3.990131177494923031e+04
3.100000000000000000e+01,2.212209125386440974e+03,1.432762692681694983e+00,4.033857990123290801e+04
3.200000000000000000e+01,2.192818807468658179e+03,1.475967787211136306e+00,4.077149770631972933e+04
3.300000000000000000e+01,2.173733186963489061e+03,1.518718777771270068e+00,4.120039827345656522e+04
3.400000000000000000e+01,2.154943867672877332e+03,1.561022375739500312e+00,4.162553262898523099e+04
3.500000000000000000e+01,2.136443101959016531e+03,1.602885054339018955e+00,4.204706974234250083e+04
3.600000000000000000e+01,2.118223790744353209e+03,1.644313048638804453e+00,4.246509652606010059e+04
3.700000000000000000e+01,2.100279483511585568e+03,1.685312355553623131e+00,4.287961783576470771e+04
3.800000000000000000e+01,2.082604378303662543e+03,1.725888733844028522e+00,4.329055647017794399e+04
3.900000000000000000e+01,2.065193321723785630e+03,1.766047704116360695e+00,4.369775317111639015e+04
4.000000000000000000e+01,2.048041808935407516e+03,1.805794548822748258e+00,4.410096662349156395e+04
4.100000000000000000e+01,2.031145983662232766e+03,1.845134312261106135e+00,4.449987345530995663e+04
4.200000000000000000e+01,2.014502638188217816e+03,1.884071800575136457e+00,4.489406823767298920e+04
4.300000000000000000e+01,1.998109213357570525e+03,1.922611581754329002e+00,4.528306348477704159e+04
4.400000000000000000e+01,1.981963721260239481e+03,1.960757839908141564e+00,4.566639626064132608e+04
4.500000000000000000e+01,1.966060277538958417e+03,1.998515460355100748e+00,4.604438763730356732e+04
4.600000000000000000e+01,1.950390097228170816e+03,2.035890274239405606e+00,4.641769842935995257e+04
4.700000000000000000e+01,1.934944924334763300e+03,2.072887924895234768e+00,4.678691776128448691e+04
4.800000000000000000e+01,1.919717075462874845e+03,2.109513848535673919e+00,4.715256060990847618e+04
4.900000000000000000e+01,1.904699439813894969e+03,2.145773274252719798e+00,4.751506780442051968e+04
5.000000000000000000e+01,1.889885479186464863e+03,2.181671224017276867e+00,4.787480602636649564e+04
5.100000000000000000e+01,1.875269227976476714e+03,2.217212512679158198e+00,4.823206780964957579e+04
5.200000000000000000e+01,1.860845293177074836e+03,2.252401747967085921e+00,4.858707154053021804e+04
5.300000000000000000e+01,1.846608854378654087e+03,2.287243330488690773e+00,4.893996145762616652e+04
5.400000000000000000e+01,1.832555663768860995e+03,2.321741453730512994e+00,4.929080765191245882e+04
5.500000000000000000e+01,1.818682046132593996e+03,2.355900104058000544e+00,4.963960606672141876e+04
5.600000000000000000e+01,1.804984898852001834e+03,2.389723060715511327e+00,4.998627849774266360e+04
5.700000000000000000e+01,1.791461691906485612e+03,2.423213895826310971e+00,5.033067259302308958e+04
5.800000000000000000e+01,1.778110467872697200e+03,2.456375974392574602e+00,5.067256185296690091e+04
5.900000000000000000e+01,1.764929841924540142e+03,2.489212454295385957e+00,5.101164563033555896e+04
6.000000000000000000e+01,1.751919001833169204e+03,2.521726286294737385e+00,5.134754913024784037e+04
6.100000000000000000e+01,1.739077707966990147e+03,2.553920214029530289e+00,5.167982341017980798e+04
6.200000000000000000e+01,1.726406293291660859e+03,2.585796774017574684e+00,5.200794537996479630e+04
6.300000000000000000e+01,1.713905663370090451e+03,2.617358295655589639e+00,5.233131780179344059e+04
6.400000000000000000e+01,1.701577296362438574e+03,2.648606901219202836e+00,5.264926929021367687e+04
6.500000000000000000e+01,1.689423243026117234e+03,2.679544505862951009e+00,5.296105431213069824e+04
6.600000000000000000e+01,1.677446684369894228e+03,2.710171508990800504e+00,5.326610758489886939e+04
6.700000000000000000e+01,1.665642155996268684e+03,2.740490715230194496e+00,5.356517641612443549e+04
6.800000000000000000e+01,1.653998806170304533e+03,2.770507974214009295e+00,5.385937169190856366e+04
6.900000000000000000e+01,1.642506644078711815e+03,2.800228820918150507e+00,5.414969533859827789e+04
7.000000000000000000e+01,1.631156549573735219e+03,2.829658468639427493e+00,5.443704010990645475e+04
7.100000000000000000e+01,1.619940273173154310e+03,2.858801808995554694e+00,5.472218958691184525e+04
7.200000000000000000e+01,1.608850436060283528e+03,2.887663411925151635e+00,5.500581817805906758e+04
7.300000000000000000e+01,1.597880530083972644e+03,2.916247525687741593e+00,5.528849111915859976e+04
7.400000000000000000e+01,1.587024917758606080e+03,2.944558076863752927e+00,5.557066447338676517e+04
7.500000000000000000e+01,1.576278832264103357e+03,2.972598670354519079e+00,5.585268513128577615e+04
7.600000000000000000e+01,1.565638377445918650e+03,3.000372589382277688e+00,5.613479081076369039e+04
7.700000000000000000e+01,1.555100527815041687e+03,3.027882795490171031e+00,5.641711005709443998e+04
7.800000000000000000e+01,1.544663128547996394e+03,3.055131928542245578e+00,5.669966224291780964e+04
7.900000000000000000e+01,1.534324895486842252e+03,3.082122306723453775e+00,5.698235756823945849e+04
8.000000000000000000e+01,1.524085415139173620e+03,3.108855926539651815e+00,5.726499706043089100e+04
8.100000000000000000e+01,1.513945144678119505e+03,3.135334462817600087e+00,5.754727257422949333e+04
8.200000000000000000e+01,1.503905411942344017e+03,3.161559268704964509e+00,5.782876679173851153e+04
8.300000000000000000e+01,1.493968415436046143e+03,3.187531375670315192e+00,5.810895322242703696e+04
8.400000000000000000e+01,1.484137224328960428e+03,3.213251493503127332e+00,5.838719620313004270e+04
8.500000000000000000e+01,1.474415778456355383e+03,3.238720010313780318e+00,5.866275089804836171e+04
8.600000000000000000e+01,1.464808888319035077e+03,3.263936992533558179e+00,5.893476329874868679e+04
8.700000000000000000e+01,1.455322235083338683e+03,3.288902184914650029e+00,5.920227022416357067e+04
8.800000000000000000e+01,1.445962370581139794e+03,3.313615010530148730e+00,5.946419932059143321e+04
8.900000000000000000e+01,1.436736717309847336e+03,3.338074570774053118e+00,5.971936906169656140e+04
9.000000000000000000e+01,1.427653568432404882e+03,3.362279645361265779e+00,5.996648874850909488e+04
9.100000000000000000e+01,1.418721527520161999e+03,3.386228845669189802e+00,6.020424297296920122e+04
9.200000000000000000e+01,1.409921181425966552e+03,3.409928721934349483e+00,6.043543526855010714e+04
9.300000000000000000e+01,1.401231875939364954e+03,3.433387098293439799e+00,6.066271795270362782e+04
9.400000000000000000e+01,1.392644692605556429e+03,3.456608678274510016e+00,6.088694381260179944e+04
9.500000000000000000e+01,1.384151546415963367e+03,3.479597850696862338e+00,6.110887415802985197e+04
9.600000000000000000e+01,1.375745185808230417e+03,3.502358689671050573e+00,6.132917882138620189e+04
9.700000000000000000e+01,1.367419192666224490e+03,3.524894954598880581e+00,6.154843615768243762e+04
9.800000000000000000e+01,1.359167982320034753e+03,3.547210090173410713e+00,6.176713304454337049e+04
9.900000000000000000e+01,1.350986803545973089e+03,3.569307226378952258e+00,6.198566488220698375e+04
1.000000000000000000e+02,1.342871738566573413e+03,3.591189178491068112e+00,6.220433559352443262e+04
1.010000000000000000e+02,1.334819703050592125e+03,3.612858447076573665e+00,6.242335762396009522e+04
1.020000000000000000e+02,1.326828446113008113e+03,3.634317217993536797e+00,6.264285194159152161e+04
1.030000000000000000e+02,1.318896550315022751e+03,3.655567362391276998e+00,6.286284803710944107e+04
1.040000000000000000e+02,1.311023431664059444e+03,3.676610436710366692e+00,6.308328392381779850e+04
1.050000000000000000e+02,1.303209339613764087e+03,3.697447682682630798e+00,6.330400613763371075e+04
1.060000000000000000e+02,1.295455357064005057e+03,3.718080027331145399e+00,6.352476973708748119e+04
1.070000000000000000e+02,1.287763400360872993e+03,3.738508082970240398e+00,6.374523830332261423e+04
1.080000000000000000e+02,1.280136219296681247e+03,3.758732147205496421e+00,6.396498394009580079e+04
1.090000000000000000e+02,1.272577397109965204e+03,3.778752202933747917e+00,6.418348727377691830e+04
1.100000000000000000e+02,1.265091350485482735e+03,3.798567918343080052e+00,6.440013745334903069e+04
1.110000000000000000e+02,1.257683329554213742e+03,3.818178646912831820e+00,6.461423215040840296e+04
1.120000000000000000e+02,1.250359417893361297e+03,3.837583427413592929e+00,6.482497755916447932e+04
1.130000000000000000e+02,1.243126532526350047e+03,3.856780983907206917e+00,6.503148839643989049e+04
1.140000000000000000e+02,1.235992423922827356e+03,3.875769725746768923e+00,6.523278790167047555e+04
1.150000000000000000e+02,1.228965675998663301e+03,3.894547747576626140e+00,6.542780783690523822e+04
1.160000000000000000e+02,1.222055210673463989e+03,3.913112989080831827e+00,6.561544746022956679e+04
1.170000000000000000e+02,1.215236772170638687e+03,3.931474175506538771e+00,6.579853161286952673e+04
1.180000000000000000e+02,1.208489409124225858e+03,3.949639332950803272e+00,6.597940438351607008e+04
1.190000000000000000e+02,1.201809275356758008e+03,3.967611013540986775e+00,6.615836451870667224e+04
1.200000000000000000e+02,1.195192867044366722e+03,3.985391625036676100e+00,6.633567860284767812e+04
1.210000000000000000e+02,1.188637022716784259e+03,4.002983430829686107e+00,6.651158105821417121e+04
1.220000000000000000e+02,1.182138923257342185e+03,4.020388549944057921e+00,6.668627414495010453e+04
1.230000000000000000e+02,1.175696091902971830e+03,4.037608957036058932e+00,6.685992796106816968e+04
1.240000000000000000e+02,1.169306394244205194e+03,4.054646482394184126e+00,6.703268044244991324e+04
1.250000000000000000e+02,1.162968038225173132e+03,4.071502811939153865e+00,6.720463736284566403e+04
1.260000000000000000e+02,1.156679574143606942e+03,4.088179487223917441e+00,6.737587233387456217e+04
1.270000000000000000e+02,1.150439894650837687e+03,4.104677905433647744e+00,6.754642680502457370e+04
1.280000000000000000e+02,1.144248234751796190e+03,4.120999319385748372e+00,6.771631006365240319e+04
1.290000000000000000e+02,1.138104171805013493e+03,4.137144837529846519e+00,6.788549923498365388e+04
1.300000000000000000e+02,1.132007625522619946e+03,4.153115423947796536e+00,6.805393928211265302e+04
1.310000000000000000e+02,1.125958857970345889e+03,4.168911898353680812e+00,6.822154300600256829e+04
1.320000000000000000e+02,1.119958473567522105e+03,4.184534936093807111e+00,6.838819104548537871e+04
1.330000000000000000e+02,1.114007419087078461e+03,4.199985068146711242e+00,6.855373187726186006e+04
1.340000000000000000e+02,1.108106983655545264e+03,4.215262681123155275e+00,6.871798181590157037e+04
1.350000000000000000e+02,1.102258798753052133e+03,4.230368017266126657e+00,6.888072501384290808e+04
1.360000000000000000e+02,1.096464838213329131e+03,4.245301174450841764e+00,6.904171346139306843e+04
1.370000000000000000e+02,1.090727418223706081e+03,4.260062106184741459e+00,6.920066698672802886e+04
1.380000000000000000e+02,1.085049197325111891e+03,4.274650621607496426e+00,6.935727325589259272e+04
1.390000000000000000e+02,1.079433176412076591e+03,4.289066385491000055e+00,6.951118777280037466e+04
1.400000000000000000e+02,1.073882698732728841e+03,4.303308918239376446e+00,6.966203387923375703e+04
1.410000000000000000e+02,1.068401449888798197e+03,4.317377595888973296e+00,6.980940275484397716e+04
1.420000000000000000e+02,1.062984955144825790e+03,4.331274550809643742e+00,6.995374392951722257e+04
1.430000000000000000e+02,1.057622505786855299e+03,4.345004324962194353e+00,7.009612222405178181e+04
1.440000000000000000e+02,1.052311932049485677e+03,4.358568708462899899e+00,7.023668677421459870e+04
1.450000000000000000e+02,1.047051243065363678e+03,4.371969406362012478e+00,7.037557127489763661e+04
1.460000000000000000e+02,1.041838590832703403e+03,4.385208050590872375e+00,7.051289779989264207e+04
1.470000000000000000e+02,1.036672270215286289e+03,4.398286199961907172e+00,7.064877680189111561e+04
1.480000000000000000e+02,1.031550718942461572e+03,4.411205340168631750e+00,7.078330711248432635e+04
1.490000000000000000e+02,1.026472517609145598e+03,4.423966883785646509e+00,7.091657594216334110e+04
1.500000000000000000e+02,1.021436389675821715e+03,4.436572170268642701e+00,7.104865888031896611e+04
1.510000000000000000e+02,1.016441201468541408e+03,4.449022465954395322e+00,7.117961989524177625e+04
1.520000000000000000e+02,1.011485962178923160e+03,4.461318964060767556e+00,7.130951133412210038e+04
1.530000000000000000e+02,1.006569823864152681e+03,4.473462784686711657e+00,7.143837392305009416e+04
1.540000000000000000e+02,1.001692081446983366e+03,4.485454974812264517e+00,7.156623676701560908e+04
1.550000000000000000e+02,9.968521727157358328e+02,4.497296508298551210e+00,7.169311734990829427e+04
1.560000000000000000e+02,9.920496783242982701e+02,4.508988285887784997e+00,7.181902153451759659e+04
1.570000000000000000e+02,9.872843217921259793e+02,4.520531135203265549e+00,7.194394356253267324e+04
1.580000000000000000e+02,9.825559695042418298e+02,4.531925810749378947e+00,7.206786605454249366e+04
1.590000000000000000e+02,9.778646307112360319e+02,4.543172993911600344e+00,7.219076001003576675e+04
1.600000000000000000e+02,9.732104575292662503e+02,4.554273292956490415e+00,7.231258480740099913e+04
1.610000000000000000e+02,9.685937449400573769e+02,4.565227243031697135e+00,7.243328820392642228e+04
1.620000000000000000e+02,9.640149307909018717e+02,4.576035306165957550e+00,7.255280633580009453e+04
1.630000000000000000e+02,9.594745957946595354e+02,4.586697871269094229e+00,7.267106371810978453e+04
1.640000000000000000e+02,9.549734635297575096e+02,4.597215254132017037e+00,7.278797324484305864e+04
1.650000000000000000e+02,9.505124004401901630e+02,4.607587697426723139e+00,7.290343618888723722e+04
1.660000000000000000e+02,9.460924158355197733e+02,4.617815370706298772e+00,7.301734220202942379e+04
1.670000000000000000e+02,9.417146618908752771e+02,4.627898370404913919e+00,7.312956931495649042e+04
1.680000000000000000e+02,9.373804336469536338e+02,4.637836719837829413e+00,7.323998393725504866e+04
1.690000000000000000e+02,9.330911690100189162e+02,4.647630369201390721e+00,7.334844085741150775e+04
1.700000000000000000e+02,9.288484487519025379e+02,4.657279195573031494e+00,7.345478324281204550e+04
1.710000000000000000e+02,9.246539965100033669e+02,4.666783002911272682e+00,7.355884263974256464e+04
1.720000000000000000e+02,9.205086590649727896e+02,4.676141793282802439e+00,7.366054768654046347e+04
1.730000000000000000e+02,9.164083497322714038e+02,4.685357297851432179e+00,7.376031174971135624e+04
1.740000000000000000e+02,9.123507326473564945e+02,4.694431340481771464e+00,7.385830634310397727e+04
1.750000000000000000e+02,9.083339629713423165e+02,4.703365610237175254e+00,7.395465130112227052e+04
1.760000000000000000e+02,9.043563005127177803e+02,4.712161733696187405e+00,7.404945899361527700e+04
1.770000000000000000e+02,9.004161097273463383e+02,4.720821274952542446e+00,7.414283432587713469e+04
1.780000000000000000e+02,8.965118597184662121e+02,4.729345735615167357e+00,7.423487473864707863e+04
1.790000000000000000e+02,8.926421242366901652e+02,4.737736554808178902e+00,7.432567020810944086e+04
1.800000000000000000e+02,8.888055816800055027e+02,4.745995109170886295e+00,7.441530324589365046e+04
1.810000000000000000e+02,8.850010150937741855e+02,4.754122712857789423e+00,7.450384889907423349e+04
1.820000000000000000e+02,8.812273121707328301e+02,4.762120617538577960e+00,7.459137475017081306e+04
1.830000000000000000e+02,8.774834652509924808e+02,4.769990012398133139e+00,7.467794091714810929e+04
1.840000000000000000e+02,8.737685713220391790e+02,4.777732024136528644e+00,7.476360005341592478e+04
1.850000000000000000e+02,8.700818320187330528e+02,4.785347716969027942e+00,7.484839734782918822e+04
1.860000000000000000e+02,8.664225536233093408e+02,4.792838092626085178e+00,7.493237052468791080e+04
1.870000000000000000e+02,8.627901470653774822e+02,4.800204090353346942e+00,7.501554984373718617e+04
1.880000000000000000e+02,8.591841279219219132e+02,4.807446586911648723e+00,7.509795810016724863e+04
1.890000000000000000e+02,8.556041164173013840e+02,4.814566396577019347e+00,7.517961062461335678e+04
1.900000000000000000e+02,8.520498374232493006e+02,4.821564271140677427e+00,7.526051528315595351e+04
1.910000000000000000e+02,8.485211204588737246e+02,4.828440899909033135e+00,7.534067247732050600e+04
1.920000000000000000e+02,8.450178996906573730e+02,4.835196909703687318e+00,7.542007514407762210e+04
1.930000000000000000e+02,8.415402139324576183e+02,4.841832864861430608e+00,7.549870875584299210e+04
1.940000000000000000e+02,8.380882066455061477e+02,4.848349267234247861e+00,7.557655132047740335e+04
1.950000000000000000e+02,8.346621259384096447e+02,4.854746556189312834e+00,7.565357338128672563e+04
1.960000000000000000e+02,8.312623245671492214e+02,4.861025108608989953e+00,7.572973801702195487e+04
1.970000000000000000e+02,8.278892599350805312e+02,4.867185238890835208e+00,7.580500084187916946e+04
1.980000000000000000e+02,8.245434940929338836e+02,4.873227198947596150e+00,7.587931000549954479e+04
1.990000000000000000e+02,8.212256937388143569e+02,4.879151178207211004e+00,7.595260619296935329e+04
2.000000000000000000e+02,8.179366302182013442e+02,4.884957303612809554e+00,7.602482262481994985e+04
2.010000000000000000e+02,8.146771795239492349e+02,4.890645639622710483e+00,7.609588505702783004e+04
2.020000000000000000e+02,8.114483222962865057e+02,4.896216188210426701e+00,7.616571178101454279e+04
2.030000000000000000e+02,8.082511438228168572e+02,4.901668888864660012e+00,7.623421362364674860e+04
2.040000000000000000e+02,8.050868340385180773e+02,4.907003618589303784e+00,7.630129394723620499e+04
2.050000000000000000e+02,8.019566875257428364e+02,4.912220191903442057e+00,7.636684864953976648e+04
2.060000000000000000e+02,7.988621035142183473e+02,4.917318360841351321e+00,7.643076616375939921e+04
2.070000000000000000e+02,7.958045858810464779e+02,4.922297814952496964e+00,7.649292745854213717e+04
2.080000000000000000e+02,7.927857431507036381e+02,4.927158181301537709e+00,7.655320603798012598e+04
2.090000000000000000e+02,7.898072884950408934e+02,4.931899024468320292e+00,7.661146794161062280e+04
2.100000000000000000e+02,7.868710397332838511e+02,4.936519846547886559e+00,7.666757174441596726e+04
2.110000000000000000e+02,7.839751332380785698e+02,4.941021741506083309e+00,7.672168951353339071e+04
2.120000000000000000e+02,7.811139696740524414e+02,4.945407876214423126e+00,7.677427608082193183e+04
2.130000000000000000e+02,7.782858778266291893e+02,4.949679976594677733e+00,7.682543219052489439e+04
2.140000000000000000e+02,7.754893007968516940e+02,4.953839699141352249e+00,7.687525062044132210e+04
2.150000000000000000e+02,7.727227629068289616e+02,4.957888644331367445e+00,7.692381906870997045e+04
2.160000000000000000e+02,7.699848696997368052e+02,4.961828356624060632e+00,7.697122015380930679e+04
2.170000000000000000e+02,7.672743079398172767e+02,4.965660324461188324e+00,7.701753141455748118e+04
2.180000000000000000e+02,7.645898456123791220e+02,4.969385980266923575e+00,7.706282531011235551e+04
2.190000000000000000e+02,7.619303319237974392e+02,4.973006700447857753e+00,7.710716921997148893e+04
2.200000000000000000e+02,7.592946973015137928e+02,4.976523805392997879e+00,7.715062544397216698e+04
2.210000000000000000e+02,7.566819533940363272e+02,4.979938559473771065e+00,7.719325120229131426e+04
2.220000000000000000e+02,7.540911930709395392e+02,4.983252171044019185e+00,7.723509863544561085e+04
2.230000000000000000e+02,7.515215904228646195e+02,4.986465792440002431e+00,7.727621480429143412e+04
2.240000000000000000e+02,7.489724007615191113e+02,4.989580519980399309e+00,7.731664169002482959e+04
2.250000000000000000e+02,7.464429606196770237e+02,4.992597393966305752e+00,7.735641619418155460e+04
2.260000000000000000e+02,7.439326877511789462e+02,4.995517398681234233e+00,7.739557013863710745e+04
2.270000000000000000e+02,7.414410811309318206e+02,4.998341462391113765e+00,7.743413026560662547e+04
2.280000000000000000e+02,7.389677209549091685e+02,5.001070457344293452e+00,7.747211823764498695e+04
2.290000000000000000e+02,7.365122686401510919e+02,5.003705199771538048e+00,7.750955063764676743e+04
2.300000000000000000e+02,7.340744668247639311e+02,5.006246449886029737e+00,7.754643896884622518e+04
2.310000000000000000e+02,7.316541393679206067e+02,5.008694911883369016e+00,7.758278965481733030e+04
2.320000000000000000e+02,7.292511913498607328e+02,5.011051233941572036e+00,7.761860403947375016e+04
2.330000000000000000e+02,7.268656090718901623e+02,5.013316008221075926e+00,7.765387838706886396e+04
2.340000000000000000e+02,7.244974600563813283e+02,5.015489770864730801e+00,7.768860388219574816e+04
2.350000000000000000e+02,7.221468930467730161e+02,5.017573001997807758e+00,7.772276662978716195e+04
2.360000000000000000e+02,7.198141380075708184e+02,5.019566125727992656e+00,7.775634765511557634e+04
2.370000000000000000e+02,7.174995061243464534e+02,5.021469510145391446e+00,7.778932290379317419e+04
2.380000000000000000e+02,7.152033898037384461e+02,5.023283467322525730e+00,7.782166324177183560e+04
2.390000000000000000e+02,7.129262626734514470e+02,5.025008253314334539e+00,7.785333445534313796e+04
2.400000000000000000e+02,7.106686795822570275e+02,5.026644068158176104e+00,7.788429725113832683e+04
2.410000000000000000e+02,7.084312765999927706e+02,5.028191055873822535e+00,7.791450725612841779e+04
2.420000000000000000e+02,7.062147710175630664e+02,5.029649304463467807e+00,7.794391501762406551e+04
2.430000000000000000e+02,7.040199613469387714e+02,5.031018845911719772e+00,7.797246600327565102e+04
2.440000000000000000e+02,7.018477273211570946e+02,5.032299656185606374e+00,7.800010060107326717e+04
2.450000000000000000e+02,6.996990298943218249e+02,5.033491655234570317e+00,7.802675411934667500e+04
2.460000000000000000e+02,6.975749112416032176e+02,5.034594706990473512e+00,7.805235678676536190e+04
2.470000000000000000e+02,6.954764947592379940e+02,5.035608619367596184e+00,7.807683375233851257e+04
2.480000000000000000e+02,6.934049850645294555e+02,5.036533144262633321e+00,7.810010508541500894e+04
2.490000000000000000e+02,6.913616679958471423e+02,5.037367977554699117e+00,7.812208577568343026e+04
2.500000000000000000e+02,6.893479106126274019e+02,5.038112759105325189e+00,7.814268573317206756e+04
2.510000000000000000e+02,6.873651611953729343e+02,5.038767072758460586e+00,7.816180978824889462e+04
2.520000000000000000e+02,6.854149492456526787e+02,5.039330446340470004e+00,7.817935769162159704e+04
2.530000000000000000e+02,6.834988854861024947e+02,5.039802351660139124e+00,7.819522411433757225e+04
2.540000000000000000e+02,6.816186618604245950e+02,5.040182204508667496e+00,7.820929864778388583e+04
2.550000000000000000e+02,6.797697190656670045e+02,5.040473295867307968e+00,7.822188950592468609e+04
2.560000000000000000e+02,6.779452800224593148e+02,5.040680487033760926e+00,7.823344259390258230e+04
2.570000000000000000e+02,6.761443565483824614e+02,5.040805141501573772e+00,7.824401115090215171e+04
2.580000000000000000e+02,6.743660070458871587e+02,5.040848584685241995e+00,7.825364578313498350e+04
2.590000000000000000e+02,6.726093350629977294e+02,5.040812104801637439e+00,7.826239456081225944e+04
2.600000000000000000e+02,6.708734892933121046e+02,5.040696952870002079e+00,7.827030301814479753e+04
2.610000000000000000e+02,6.691576635760015961e+02,5.040504342711954244e+00,7.827741415334296471e+04
2.620000000000000000e+02,6.674610968958112380e+02,5.040235450951485063e+00,7.828376842861673504e+04
2.630000000000000000e+02,6.657830733830597865e+02,5.039891417014959352e+00,7.828940377017566061e+04
2.640000000000000000e+02,6.641229223136394921e+02,5.039473343131117389e+00,7.829435556822891522e+04
2.650000000000000000e+02,6.624800181090161004e+02,5.038982294331070477e+00,7.829865667698522157e+04
2.660000000000000000e+02,6.608537803362290788e+02,5.038419298448306272e+00,7.830233741465290950e+04
2.670000000000000000e+02,6.592436737078915030e+02,5.037785346118684338e+00,7.830542556343993056e+04
2.680000000000000000e+02,6.576492080821898298e+02,5.037081390780438817e+00,7.830794636955378519e+04
2.690000000000000000e+02,6.560699384628844655e+02,5.036308348674178426e+00,7.830992254320156644e+04
2.700000000000000000e+02,6.545054649993090834e+02,5.035467098842883793e+00,7.831137425859000359e+04
2.710000000000000000e+02,6.529554329863711928e+02,5.034558483131911899e+00,7.831231915392536030e+04
2.720000000000000000e+02,6.514195328645516838e+02,5.033583306188990747e+00,7.831277233141352190e+04
2.730000000000000000e+02,6.498975002199051687e+02,5.032542335464224692e+00,7.831274635725995176e+04
2.740000000000000000e+02,6.483891157840598680e+02,5.031436301210090001e+00,7.831225126166972041e+04
2.750000000000000000e+02,6.468942054342176107e+02,5.030265896481437515e+00,7.831129453884749091e+04
2.760000000000000000e+02,6.454126401931537202e+02,5.029031777135491765e+00,7.830988114699747530e+04
2.770000000000000000e+02,6.439443362292172424e+02,5.027734561831850968e+00,7.830801350832353637e+04
2.780000000000000000e+02,6.424892548563306036e+02,5.026374832032487916e+00,7.830569150902908586e+04
2.790000000000000000e+02,6.410474025339900663e+02,5.024953132001748202e+00,7.830291249931712809e+04
2.800000000000000000e+02,6.396188308672653875e+02,5.023469968806351105e+00,7.829967129339028907e+04
2.810000000000000000e+02,6.382036366067998188e+02,5.021925812315390480e+00,7.829596016945074371e+04
2.820000000000000000e+02,6.368019616488104475e+02,5.020321095200333872e+00,7.829176886970030318e+04
2.830000000000000000e+02,6.354139930350878558e+02,5.018656212935022509e+00,7.828708460034032760e+04
2.840000000000000000e+02,6.340399629529960066e+02,5.016931523795671310e+00,7.828189203157178417e+04
2.850000000000000000e+02,6.326801487354726987e+02,5.015147348860869769e+00,7.827617329759526183e+04
2.860000000000000000e+02,6.313348728610293392e+02,5.013303972011578402e+00,7.826990799661088386e+04
2.870000000000000000e+02,6.300045029537507162e+02,5.011401639931134966e+00,7.826307319081839523e+04
2.880000000000000000e+02,6.286894517832954534e+02,5.009440562105250017e+00,7.825564340641713352e+04
2.890000000000000000e+02,6.273901772648956694e+02,5.007420910822006022e+00,7.824759063360601431e+04
2.900000000000000000e+02,6.261071824593570909e+02,5.005342821171862688e+00,7.823888432658356032e+04
2.910000000000000000e+02,6.248410155730589395e+02,5.003206391047649859e+00,7.822949140354788688e+04
2.920000000000000000e+02,6.235922699579540449e+02,5.001011681144573728e+00,7.821937624669665820e+04
2.930000000000000000e+02,6.223615841115690728e+02,4.998758714960213290e+00,7.820850070222718932e+04
2.940000000000000000e+02,6.211496416770040696e+02,4.996447478794521224e+00,7.819682408033635875e+04
2.950000000000000000e+02,6.199571714429325766e+02,4.994077921749824789e+00,7.818430315522060846e+04
2.960000000000000000e+02,6.187849473436020844e+02,4.991649955730824040e+00,7.817089216507601668e+04
2.970000000000000000e+02,6.176337884588333509e+02,4.989163455444593609e+00,7.815654281209823966e+04
2.980000000000000000e+02,6.165045590140208560e+02,4.986618258400581816e+00,7.814120426248249714e+04
2.990000000000000000e+02,6.153981683801326881e+02,4.984014164910610667e+00,7.812482314642363053e+04
3.000000000000000000e+02,6.143155710737104300e+02,4.981350938088874969e+00,7.810734355811607384e+04
